{"cameraMode":{"drawMode":0,"name":"Shaded","section":"Shading Mode"},"sceneLighting":true,"audioPlay":false,"sceneViewState":{"m_AlwaysRefresh":false,"showFog":true,"showSkybox":true,"showFlares":true,"showImageEffects":true,"showParticleSystems":true,"showVisualEffectGraphs":true,"m_FxEnabled":true},"in2DMode":false,"pivot":{"x":1.4051196575164796,"y":0.6415024995803833,"z":-3.5726375579833986},"rotation":{"x":0.20260198414325715,"y":0.002378232078626752,"z":-0.0003718672669492662,"w":0.9793359041213989},"size":6.32648229598999,"orthographic":false}